i,j,R_avg,R_min,R_max
2.0,3.0,9.9e+37,9.9e+37,9.9e+37
2.0,4.0,2986.537795,2935.9041,3024.1322
2.0,5.0,9.9e+37,9.9e+37,9.9e+37
2.0,6.0,3072.580395,3045.6281,3097.523
2.0,7.0,9.9e+37,9.9e+37,9.9e+37
2.0,8.0,2489.3442050000003,2472.7763,2503.947
2.0,10.0,9.9e+37,9.9e+37,9.9e+37
3.0,4.0,9.9e+37,9.9e+37,9.9e+37
