i,j,R_avg,R_min,R_max
2.0,3.0,1964.346155,1609.0787,2217.6362
2.0,5.0,2428.730085,1752.093,2804.1196
2.0,6.0,9.9e+37,9.9e+37,9.9e+37
2.0,7.0,3682.26806,3672.8786,3687.7718
2.0,8.0,3400.098035,3282.2931,3567.0506
2.0,10.0,9.9e+37,9.9e+37,9.9e+37
3.0,5.0,1476.62054,919.8634,1704.9161
3.0,7.0,3013.49552,2985.3885,3025.4408
3.0,8.0,3006.692665,2521.3616,3318.3817
5.0,7.0,1646.6329650000002,1640.004,1649.6691
5.0,8.0,1619.429385,1615.4965,1635.1498
7.0,8.0,1527.3118100000002,1523.2433,1528.9436
